location,titulo
Pichincha ( Quito ), Toyota Hilux Full 
Pichincha ( Quito ), Chevier Mini Luyan Electric Deportivo 
Pichincha ( Quito ), Ford Explorer Xlt 4x4 
Pichincha ( Quito ), Kia Sportage Active 
Pichincha ( Quito ), Chevrolet Grand Vitara Luv 4x4 Full Equipo 
Pichincha ( Quito ), Renault Sandero Dinamic Full 
Pichincha ( Quito ), Renault Renault Symbol 
Pichincha ( Quito ), Toyota Rav4 4 Puertas Awd 
Pichincha ( Quito ), Mazda Bt-50 2014 Std 
Imbabura, Mitsubishi Outlander 4x2 
Guayas, Chevrolet N300 N300 Pasajeros Full Ac 1.2 
Pichincha ( Quito ), Nissan X-trail Classic 
Pichincha ( Quito ), Toyota Hilux Sr A/c 
Pichincha ( Quito ), Hyundai Elantra Versión Especial 2.0 
Guayas, Kia Sportage Automatico 
Guayas, Chevrolet Luv Full 
Pichincha ( Quito ), Jeep Liberty Jeep Cherokee Limited Liberty 4x4 
Pichincha ( Quito ), Citroën Ds4 Ds4 
Pichincha ( Quito ), Volkswagen New Beetle New Beetle 
Guayas, Hyundai Santa Fe Santa Fé 2.4 4x2 
Guayas, Volkswagen Amarok Todo Terreno 
Pichincha ( Quito ), Mitsubishi Outlander 2wd 
Chimborazo, Hyundai Tucson Ix 
Pichincha ( Quito ), Chevrolet Aveo Aveo Emotion Gt 
Pichincha ( Quito ), Jeep Grand Cherokee Jeep 
Pichincha ( Quito ), Mazda Mazda 6 Mazda 6 
Santo Domingo De Los Tsáchilas, Fiat Premio 1.3 
Pichincha ( Quito ), Tianye (china) Admiral (tecnología Toyota) 2.2 
Pichincha ( Quito ), Toyota Prado 4x4 
Pichincha ( Quito ), Suzuki Forsa Nissan March 
Guayas, Byd Song Full 
Loja, Toyota Hilux Toyota Hilux 4x4 
Azuay, Chevrolet Trooper Americana 1992 
Guayas, Toyota Land Cruiser Land Cruiser 4x4 
Chimborazo, Ssangyong Korando A230 Gasolina 4x2 
Pichincha ( Quito ), Chevrolet Grand Vitara Sz 2018 
Pichincha ( Quito ), Ford Explorer Xlt 
Pichincha ( Quito ), Ford Edge Ford Edge 2013 Automatico 
Guayas, Mazda Mazda 6 6 Extra 
Pichincha ( Quito ), Toyota Corolla Vvt-i 16 Valve 
El Oro, Honda Cr-v Automtica 
Pichincha ( Quito ), Chevrolet Tracker Automatica 
Pichincha ( Quito ), Chevrolet D-max Dmax Crdi Full Ac 3.0 4x4 
El Oro, Chevrolet Chevrolet Ftr 
Pichincha ( Quito ), Mazda Mazda 3 Sedan 
Pichincha ( Quito ), Chevrolet Aveo Aveo Emotion 
Santa Elena, Renault Logan Mecanica 
Guayas, Renault Duster Expresion 
